timesteps,wall_time,num_episodes,max_episode_rewards,mean_episode_rewards,min_episode_rewards,max_episode_len,mean_episode_len,min_episode_len
32768.0,10.518867492675781,75.0,10.0,8.25,0.0,250.0,125.4,15.0
65536.0,18.58681607246399,186.0,10.0,8.25,0.0,506.0,229.1,17.0
98304.0,26.55940270423889,352.0,10.0,6.25,0.0,738.0,225.575,18.0
131072.0,34.570886850357056,586.0,10.0,7.25,0.0,1000.0,237.775,26.0
163840.0,42.59767293930054,866.0,10.0,7.75,0.0,352.0,88.25,17.0
196608.0,50.544111013412476,1134.0,10.0,6.5,0.0,355.0,88.175,22.0
229376.0,58.50489258766174,1420.0,10.0,6.75,0.0,1000.0,98.575,19.0
262144.0,66.43201470375061,1674.0,10.0,5.5,0.0,1000.0,161.6,16.0
294912.0,74.47809267044067,1915.0,10.0,6.5,0.0,1000.0,128.5,16.0
327680.0,82.42054462432861,2189.0,10.0,6.5,0.0,1000.0,131.0,14.0
360448.0,90.37171745300293,2450.0,10.0,6.25,0.0,1000.0,93.175,15.0
393216.0,98.41281461715698,2706.0,10.0,6.5,0.0,1000.0,107.075,11.0
425984.0,106.42515802383423,3042.0,10.0,6.75,0.0,1000.0,95.65,13.0
458752.0,114.40081477165222,3470.0,10.0,6.75,0.0,1000.0,136.7,15.0
491520.0,122.36903095245361,3953.0,10.0,7.25,0.0,1000.0,133.425,14.0
524288.0,130.3718819618225,4443.0,10.0,7.0,0.0,299.0,51.425,15.0
557056.0,138.42230415344238,4952.0,10.0,8.5,0.0,721.0,77.025,14.0
589824.0,146.42958235740662,5522.0,10.0,7.5,0.0,307.0,63.225,13.0
622592.0,154.45746970176697,6123.0,10.0,8.75,0.0,216.0,37.65,14.0
655360.0,162.42357969284058,6728.0,10.0,7.75,0.0,1000.0,89.25,15.0
688128.0,170.47958493232727,7388.0,10.0,8.5,0.0,164.0,34.075,14.0
720896.0,178.56989908218384,8011.0,10.0,8.0,0.0,175.0,38.6,17.0
753664.0,186.67000198364258,8656.0,10.0,9.0,0.0,377.0,47.525,15.0
786432.0,194.7560760974884,9272.0,10.0,8.75,0.0,248.0,38.325,14.0
819200.0,202.85170102119446,9904.0,10.0,8.25,0.0,355.0,55.325,14.0
851968.0,210.971688747406,10578.0,10.0,8.0,0.0,790.0,67.875,14.0
884736.0,219.1647756099701,11323.0,10.0,6.75,0.0,176.0,49.125,14.0
917504.0,227.32015109062195,12029.0,10.0,6.75,0.0,273.0,56.8,15.0
950272.0,235.3512201309204,12670.0,10.0,9.25,0.0,101.0,30.3,15.0
983040.0,243.3959195613861,13335.0,10.0,7.75,0.0,247.0,52.25,14.0
1015808.0,251.41146898269653,14054.0,10.0,8.75,0.0,218.0,37.875,14.0
1048576.0,259.63609766960144,14792.0,10.0,8.0,0.0,375.0,52.25,14.0
1081344.0,267.9641375541687,15483.0,10.0,9.5,0.0,336.0,44.65,14.0
1114112.0,276.2418532371521,16134.0,10.0,8.75,0.0,259.0,55.325,14.0
1146880.0,284.4378719329834,16907.0,10.0,8.75,0.0,189.0,42.05,13.0
1179648.0,292.8022766113281,17736.0,10.0,7.75,0.0,76.0,33.375,15.0
1212416.0,301.0077049732208,18482.0,10.0,8.5,0.0,184.0,41.5,14.0
1245184.0,309.25267004966736,19274.0,10.0,8.25,0.0,110.0,31.55,14.0
1277952.0,317.67578315734863,20112.0,10.0,7.5,0.0,172.0,40.4,14.0
1310720.0,325.73511505126953,20851.0,10.0,8.25,0.0,133.0,32.3,15.0
1343488.0,333.7630383968353,21637.0,10.0,9.0,0.0,192.0,40.075,14.0
1376256.0,341.82894468307495,22497.0,10.0,7.5,0.0,239.0,49.225,16.0
1409024.0,350.155264377594,23314.0,10.0,7.75,0.0,188.0,40.8,14.0
1441792.0,358.15617847442627,24157.0,10.0,8.25,0.0,159.0,37.475,16.0
1474560.0,366.10892486572266,24959.0,10.0,9.75,0.0,172.0,47.775,14.0
1507328.0,374.2934401035309,25745.0,10.0,9.25,0.0,76.0,26.45,15.0
1540096.0,382.3927848339081,26499.0,10.0,7.25,0.0,1000.0,72.1,14.0
1572864.0,390.4028055667877,27303.0,10.0,9.5,0.0,106.0,32.925,14.0
1605632.0,398.62547302246094,28070.0,10.0,8.25,0.0,178.0,37.675,14.0
1638400.0,406.851202249527,28854.0,10.0,8.5,0.0,109.0,33.7,14.0
1671168.0,415.2074513435364,29630.0,10.0,8.5,0.0,117.0,36.825,15.0
1703936.0,423.6403315067291,30406.0,10.0,8.25,0.0,360.0,56.4,14.0
1736704.0,431.88018560409546,31207.0,10.0,8.5,0.0,103.0,34.925,14.0
1769472.0,440.05016016960144,31931.0,10.0,8.25,0.0,174.0,42.05,15.0
1802240.0,448.2865138053894,32657.0,10.0,8.75,0.0,222.0,39.675,14.0
1835008.0,456.4197766780853,33350.0,10.0,9.0,0.0,200.0,49.55,14.0
1867776.0,464.83447003364563,34002.0,10.0,9.0,0.0,181.0,51.95,14.0
1900544.0,473.27658557891846,34696.0,10.0,9.25,0.0,646.0,52.55,15.0
1933312.0,481.59663796424866,35400.0,10.0,8.75,0.0,134.0,41.95,16.0
1966080.0,489.7142448425293,36072.0,10.0,9.5,0.0,120.0,43.125,13.0
1998848.0,497.9166178703308,36749.0,10.0,9.25,0.0,225.0,39.975,15.0
2031616.0,506.1081440448761,37392.0,10.0,9.75,0.0,210.0,48.25,13.0
2064384.0,514.400851726532,38013.0,10.0,9.0,0.0,186.0,39.725,14.0
2097152.0,522.604681968689,38593.0,10.0,9.0,0.0,200.0,38.025,14.0
2129920.0,530.7262191772461,39177.0,10.0,9.5,0.0,280.0,41.05,15.0
2162688.0,538.9249045848846,39784.0,10.0,9.5,0.0,215.0,42.4,14.0
2195456.0,547.2108612060547,40473.0,10.0,9.25,0.0,132.0,38.0,15.0
2228224.0,555.2045669555664,41183.0,10.0,9.25,0.0,890.0,79.9,15.0
2260992.0,563.2012765407562,41914.0,10.0,9.25,0.0,529.0,50.25,15.0
2293760.0,571.182564496994,42640.0,10.0,9.0,0.0,209.0,47.025,15.0
2326528.0,579.2043421268463,43323.0,10.0,8.75,0.0,458.0,46.35,14.0
2359296.0,587.1910834312439,44022.0,10.0,8.75,0.0,670.0,54.775,14.0
2392064.0,595.2253274917603,44742.0,10.0,9.0,0.0,549.0,51.95,11.0
2424832.0,603.2505192756653,45539.0,10.0,9.25,0.0,150.0,37.175,15.0
2457600.0,611.2458233833313,46309.0,10.0,8.5,0.0,1000.0,75.925,14.0
2490368.0,619.3170664310455,47025.0,10.0,9.25,0.0,105.0,34.375,14.0
2523136.0,627.314612865448,47816.0,10.0,9.5,0.0,206.0,38.1,14.0
2555904.0,635.3803570270538,48645.0,10.0,9.0,0.0,143.0,34.0,14.0
2588672.0,643.472806930542,49438.0,10.0,7.75,0.0,205.0,58.7,14.0
2621440.0,651.5301940441132,50166.0,10.0,8.75,0.0,289.0,49.425,14.0
2654208.0,659.5810170173645,50917.0,10.0,10.0,10.0,150.0,35.0,14.0
2686976.0,667.5887241363525,51626.0,10.0,8.5,0.0,1000.0,75.45,14.0
2719744.0,675.5565893650055,52317.0,10.0,8.25,0.0,237.0,54.425,15.0
2752512.0,683.6176090240479,52974.0,10.0,9.5,0.0,349.0,48.375,14.0
2785280.0,691.637823343277,53643.0,10.0,9.5,0.0,142.0,43.65,14.0
2818048.0,699.5774927139282,54367.0,10.0,9.25,0.0,813.0,64.125,14.0
2850816.0,707.573037147522,55035.0,10.0,8.0,0.0,186.0,48.325,14.0
2883584.0,715.7477431297302,55722.0,10.0,9.5,0.0,184.0,44.35,14.0
2916352.0,723.7369253635406,56435.0,10.0,9.5,0.0,195.0,44.325,14.0
2949120.0,731.7592709064484,57188.0,10.0,8.75,0.0,322.0,44.425,15.0
2981888.0,740.1202654838562,57849.0,10.0,9.75,0.0,167.0,46.25,15.0
3014656.0,748.1189773082733,58543.0,10.0,8.75,0.0,231.0,47.9,16.0
3047424.0,756.120974779129,59259.0,10.0,9.75,0.0,309.0,44.975,15.0
3080192.0,764.1542253494263,59929.0,10.0,9.25,0.0,169.0,45.525,14.0
3112960.0,772.1689119338989,60606.0,10.0,9.75,0.0,125.0,33.225,15.0
3145728.0,780.2884063720703,61323.0,10.0,9.5,0.0,184.0,41.775,14.0
3178496.0,788.308098077774,61968.0,10.0,8.75,0.0,519.0,60.625,15.0
3211264.0,796.3058803081512,62645.0,10.0,9.75,0.0,131.0,40.475,15.0
3244032.0,804.5712060928345,63296.0,10.0,8.75,0.0,163.0,49.025,14.0
3276800.0,812.5654060840607,63909.0,10.0,9.75,0.0,158.0,46.75,16.0
3309568.0,820.5754244327545,64530.0,10.0,9.75,0.0,173.0,42.2,16.0
3342336.0,828.7722988128662,65113.0,10.0,9.25,0.0,345.0,50.8,15.0
3375104.0,836.880961894989,65699.0,10.0,9.75,0.0,646.0,66.75,16.0
3407872.0,845.1066274642944,66246.0,10.0,9.75,0.0,189.0,55.375,17.0
3440640.0,853.0668654441833,66772.0,10.0,9.5,0.0,207.0,58.3,17.0
3473408.0,861.0179557800293,67319.0,10.0,9.5,0.0,237.0,58.825,15.0
3506176.0,869.0570833683014,67870.0,10.0,9.25,0.0,155.0,52.675,17.0
3538944.0,877.4150078296661,68454.0,10.0,9.0,0.0,229.0,54.825,15.0
3571712.0,885.408439874649,69107.0,10.0,9.5,0.0,1000.0,66.05,15.0
3604480.0,893.4478883743286,69694.0,10.0,9.75,0.0,243.0,57.45,16.0
3637248.0,901.5458154678345,70264.0,10.0,9.0,0.0,1000.0,86.725,15.0
3670016.0,909.7088148593903,70812.0,10.0,9.25,0.0,183.0,56.475,14.0
3702784.0,918.1577913761139,71358.0,10.0,9.25,0.0,1000.0,86.05,17.0
3735552.0,926.3453993797302,71908.0,10.0,8.75,0.0,1000.0,97.1,15.0
3768320.0,934.6446509361267,72475.0,10.0,9.5,0.0,801.0,63.85,14.0
3801088.0,942.9318125247955,73051.0,10.0,8.75,0.0,396.0,55.125,15.0
3833856.0,951.1332523822784,73581.0,10.0,9.5,0.0,211.0,39.575,15.0
3866624.0,959.1857237815857,74068.0,10.0,10.0,10.0,169.0,40.65,15.0
3899392.0,967.2312572002411,74469.0,10.0,9.25,0.0,1000.0,95.7,13.0
3932160.0,975.494341135025,74908.0,10.0,9.25,0.0,1000.0,69.375,14.0
3964928.0,983.810608625412,75365.0,10.0,9.25,0.0,1000.0,83.075,15.0
3997696.0,991.8384296894073,75814.0,10.0,9.25,0.0,287.0,52.0,15.0
4030464.0,1000.0699684619904,76264.0,10.0,9.5,0.0,168.0,37.725,17.0
4063232.0,1008.1788516044617,76748.0,10.0,8.75,0.0,1000.0,84.6,13.0
4096000.0,1016.2067823410034,77283.0,10.0,9.0,0.0,1000.0,64.15,14.0
4128768.0,1024.29647397995,77752.0,10.0,9.75,0.0,744.0,58.5,15.0
4161536.0,1032.3506860733032,78209.0,10.0,9.25,0.0,1000.0,74.65,14.0
4194304.0,1040.381447315216,78682.0,10.0,9.5,0.0,161.0,45.925,14.0
4227072.0,1048.3807654380798,79232.0,10.0,9.75,0.0,331.0,55.15,15.0
4259840.0,1056.4586560726166,79720.0,10.0,9.75,0.0,211.0,38.9,14.0
4292608.0,1064.6508612632751,80202.0,10.0,8.5,0.0,1000.0,90.925,15.0
4325376.0,1072.7194275856018,80707.0,10.0,10.0,10.0,158.0,38.525,14.0
4358144.0,1080.804255247116,81218.0,10.0,9.5,0.0,635.0,60.925,15.0
4390912.0,1088.7604658603668,81749.0,10.0,9.0,0.0,1000.0,65.975,12.0
4423680.0,1096.7678909301758,82304.0,10.0,9.25,0.0,1000.0,68.575,14.0
4456448.0,1104.759311914444,82858.0,10.0,9.5,0.0,105.0,37.725,13.0
4489216.0,1112.7691168785095,83443.0,10.0,9.75,0.0,1000.0,60.425,12.0
4521984.0,1120.8346769809723,84039.0,10.0,9.75,0.0,1000.0,53.0,14.0
4554752.0,1128.9043321609497,84598.0,10.0,9.25,0.0,1000.0,63.625,14.0
4587520.0,1136.9997448921204,85103.0,10.0,9.25,0.0,1000.0,65.85,12.0
4620288.0,1145.0331418514252,85523.0,10.0,8.75,0.0,322.0,49.875,16.0
4653056.0,1153.0363729000092,85965.0,10.0,9.75,0.0,1000.0,67.95,15.0
4685824.0,1161.0663917064667,86434.0,10.0,8.25,0.0,1000.0,80.325,14.0
4718592.0,1169.2159914970398,86945.0,10.0,10.0,10.0,268.0,50.075,16.0
4751360.0,1177.299298286438,87437.0,10.0,10.0,10.0,135.0,34.025,13.0
4784128.0,1185.412689447403,87894.0,10.0,8.75,0.0,1000.0,104.475,13.0
4816896.0,1193.475263595581,88295.0,10.0,9.5,0.0,1000.0,68.625,14.0
4849664.0,1201.5951962471008,88683.0,10.0,9.25,0.0,1000.0,98.4,15.0
4882432.0,1209.6653151512146,89093.0,10.0,9.25,0.0,1000.0,90.775,15.0
4915200.0,1217.8468461036682,89522.0,10.0,9.25,0.0,1000.0,71.725,15.0
4947968.0,1225.998797416687,89998.0,10.0,10.0,10.0,954.0,63.025,12.0
4980736.0,1234.0116066932678,90519.0,10.0,9.75,0.0,1000.0,53.15,14.0
5013504.0,1242.034577846527,91063.0,10.0,9.5,0.0,157.0,35.15,14.0
5046272.0,1250.221518278122,91550.0,10.0,9.75,0.0,1000.0,53.25,14.0
5079040.0,1258.4009578227997,92024.0,10.0,9.0,0.0,1000.0,77.325,15.0
5111808.0,1266.522299528122,92571.0,10.0,9.0,0.0,233.0,32.3,14.0
5144576.0,1274.574634552002,93127.0,10.0,8.75,0.0,1000.0,55.025,14.0
5177344.0,1282.653553724289,93653.0,10.0,10.0,10.0,207.0,44.175,14.0
5210112.0,1290.72984790802,94159.0,10.0,9.5,0.0,1000.0,52.825,14.0
5242880.0,1298.8873562812805,94729.0,10.0,9.25,0.0,139.0,33.95,14.0
5275648.0,1306.9254167079926,95320.0,10.0,9.25,0.0,1000.0,52.725,14.0
5308416.0,1314.9869520664215,95871.0,10.0,9.0,0.0,326.0,45.05,14.0
5341184.0,1323.0003366470337,96416.0,10.0,9.75,0.0,1000.0,53.35,13.0
5373952.0,1331.0148224830627,96911.0,10.0,10.0,10.0,91.0,30.75,14.0
5406720.0,1339.0496175289154,97424.0,10.0,9.5,0.0,1000.0,66.575,13.0
5439488.0,1347.0096967220306,97926.0,10.0,9.5,0.0,1000.0,67.725,15.0
5472256.0,1355.0399956703186,98514.0,10.0,9.75,0.0,1000.0,65.05,14.0
5505024.0,1363.0553908348083,99222.0,10.0,9.0,0.0,1000.0,70.725,13.0
5537792.0,1371.101850271225,99851.0,10.0,9.75,0.0,184.0,38.4,13.0
5570560.0,1379.0717134475708,100412.0,10.0,10.0,10.0,125.0,35.275,14.0
5603328.0,1387.1038880348206,100963.0,10.0,9.5,0.0,493.0,48.55,13.0
5636096.0,1395.0946192741394,101487.0,10.0,9.75,0.0,163.0,39.15,14.0
5668864.0,1403.0721685886383,102036.0,10.0,9.75,0.0,283.0,36.75,14.0
5701632.0,1411.0514225959778,102596.0,10.0,9.25,0.0,1000.0,99.2,14.0
5734400.0,1419.0299241542816,103236.0,10.0,9.5,0.0,1000.0,74.225,14.0
5767168.0,1427.0141537189484,103823.0,10.0,9.75,0.0,173.0,42.625,15.0
5799936.0,1434.9889740943909,104432.0,10.0,10.0,10.0,201.0,29.7,13.0
5832704.0,1442.9381563663483,105063.0,10.0,8.5,0.0,1000.0,74.875,14.0
5865472.0,1450.9251942634583,105685.0,10.0,10.0,10.0,152.0,26.6,14.0
5898240.0,1458.9034488201141,106268.0,10.0,9.5,0.0,1000.0,92.775,14.0
5931008.0,1466.8989305496216,106917.0,10.0,9.25,0.0,1000.0,69.975,14.0
5963776.0,1474.9027178287506,107546.0,10.0,9.25,0.0,336.0,48.275,14.0
5996544.0,1482.8915421962738,108182.0,10.0,9.5,0.0,1000.0,70.25,14.0
6029312.0,1490.8886694908142,108701.0,10.0,9.0,0.0,1000.0,79.3,14.0
6062080.0,1498.939917564392,109168.0,10.0,9.25,0.0,1000.0,93.6,14.0
6094848.0,1506.9650027751923,109683.0,10.0,10.0,10.0,204.0,41.85,14.0
6127616.0,1514.945110797882,110189.0,10.0,9.5,0.0,1000.0,89.425,13.0
6160384.0,1522.9305288791656,110721.0,10.0,9.5,0.0,1000.0,57.925,14.0
6193152.0,1530.8696067333221,111388.0,10.0,9.75,0.0,263.0,39.15,14.0
6225920.0,1538.802882194519,112010.0,10.0,9.5,0.0,760.0,54.175,14.0
6258688.0,1546.7502121925354,112628.0,10.0,9.0,0.0,156.0,36.425,14.0
6291456.0,1554.6990711688995,113186.0,10.0,9.75,0.0,448.0,52.65,13.0
6324224.0,1562.7248396873474,113800.0,10.0,9.5,0.0,1000.0,74.0,14.0
6356992.0,1570.7383267879486,114360.0,10.0,9.5,0.0,200.0,41.025,14.0
6389760.0,1578.711294412613,114888.0,10.0,9.0,0.0,663.0,55.325,14.0
6422528.0,1586.664243221283,115407.0,10.0,9.75,0.0,141.0,33.8,14.0
6455296.0,1594.6478400230408,116011.0,10.0,10.0,10.0,222.0,40.2,14.0
6488064.0,1602.6095750331879,116632.0,10.0,9.75,0.0,122.0,33.6,14.0
6520832.0,1610.6011912822723,117193.0,10.0,9.75,0.0,1000.0,69.175,14.0
6553600.0,1618.6391787528992,117768.0,10.0,9.5,0.0,1000.0,59.95,14.0
6586368.0,1626.6673593521118,118322.0,10.0,9.0,0.0,1000.0,71.925,14.0
6619136.0,1634.7256417274475,118928.0,10.0,9.0,0.0,1000.0,60.6,14.0
6651904.0,1642.8038911819458,119487.0,10.0,9.25,0.0,1000.0,64.175,14.0
6684672.0,1650.8730475902557,120047.0,10.0,8.75,0.0,1000.0,105.675,13.0
6717440.0,1658.8754975795746,120556.0,10.0,9.25,0.0,1000.0,66.35,14.0
6750208.0,1666.8836598396301,121110.0,10.0,9.5,0.0,1000.0,59.45,11.0
6782976.0,1674.909004688263,121632.0,10.0,10.0,10.0,97.0,28.775,13.0
6815744.0,1682.9900252819061,122071.0,10.0,9.75,0.0,1000.0,60.925,14.0
6848512.0,1691.0417234897614,122512.0,10.0,9.0,0.0,432.0,62.525,14.0
6881280.0,1699.167423248291,122957.0,10.0,9.5,0.0,130.0,36.225,14.0
6914048.0,1707.2456903457642,123539.0,10.0,9.75,0.0,1000.0,55.55,14.0
6946816.0,1715.2392835617065,124118.0,10.0,9.5,0.0,1000.0,64.9,14.0
6979584.0,1723.3160908222198,124670.0,10.0,9.75,0.0,1000.0,47.1,14.0
7012352.0,1731.4625277519226,125132.0,10.0,9.25,0.0,1000.0,61.225,14.0
7045120.0,1739.61439371109,125545.0,10.0,9.25,0.0,1000.0,103.6,14.0
7077888.0,1747.7485909461975,125983.0,10.0,9.25,0.0,1000.0,95.9,14.0
7110656.0,1755.8256161212921,126550.0,10.0,8.75,0.0,1000.0,52.375,14.0
7143424.0,1763.841698884964,127176.0,10.0,10.0,10.0,241.0,31.925,14.0
7176192.0,1771.8177797794342,127813.0,10.0,10.0,10.0,120.0,27.05,13.0
7208960.0,1779.7823798656464,128386.0,10.0,9.5,0.0,1000.0,55.9,14.0
7241728.0,1787.8170816898346,128899.0,10.0,9.75,0.0,125.0,40.825,13.0
7274496.0,1795.8722085952759,129397.0,10.0,9.5,0.0,1000.0,64.625,14.0
7307264.0,1803.9079928398132,129958.0,10.0,9.5,0.0,1000.0,78.475,15.0
7340032.0,1811.877349615097,130545.0,10.0,9.5,0.0,1000.0,54.75,14.0
7372800.0,1819.8966133594513,131095.0,10.0,9.5,0.0,258.0,36.675,14.0
7405568.0,1827.8780357837677,131665.0,10.0,9.75,0.0,118.0,29.325,14.0
7438336.0,1835.9309878349304,132230.0,10.0,9.5,0.0,1000.0,57.25,14.0
7471104.0,1843.9036815166473,132801.0,10.0,9.5,0.0,1000.0,75.875,15.0
7503872.0,1851.962620973587,133352.0,10.0,9.75,0.0,664.0,52.05,12.0
7536640.0,1860.048493385315,133827.0,10.0,9.25,0.0,1000.0,70.625,15.0
7569408.0,1868.0792813301086,134374.0,10.0,9.75,0.0,91.0,25.575,14.0
7602176.0,1876.077705860138,134874.0,10.0,10.0,10.0,173.0,33.625,14.0
7634944.0,1884.0564737319946,135414.0,10.0,8.75,0.0,1000.0,129.625,14.0
7667712.0,1892.0498518943787,135981.0,10.0,9.75,0.0,1000.0,53.4,14.0
7700480.0,1899.996765613556,136571.0,10.0,10.0,10.0,151.0,34.925,14.0
7733248.0,1908.0154671669006,137228.0,10.0,9.25,0.0,1000.0,89.55,14.0
7766016.0,1916.02725815773,137876.0,10.0,9.75,0.0,1000.0,56.325,13.0
7798784.0,1924.0200519561768,138445.0,10.0,9.75,0.0,350.0,45.1,14.0
7831552.0,1932.0198690891266,138989.0,10.0,9.5,0.0,1000.0,69.025,13.0
7864320.0,1940.0124907493591,139642.0,10.0,9.5,0.0,121.0,33.925,13.0
7897088.0,1947.9903705120087,140263.0,10.0,9.25,0.0,140.0,32.4,14.0
7929856.0,1955.9843854904175,140767.0,10.0,9.5,0.0,1000.0,83.675,14.0
7962624.0,1963.9606351852417,141273.0,10.0,9.0,0.0,1000.0,69.175,14.0
7995392.0,1971.985239982605,141884.0,10.0,10.0,10.0,114.0,28.8,14.0
8028160.0,1980.0435717105865,142478.0,10.0,9.25,0.0,1000.0,70.7,14.0
8060928.0,1988.0962264537811,143162.0,10.0,9.75,0.0,1000.0,62.45,14.0
8093696.0,1996.1495199203491,143816.0,10.0,9.5,0.0,212.0,38.425,14.0
8126464.0,2004.2165336608887,144372.0,10.0,9.5,0.0,463.0,52.975,14.0
8159232.0,2012.2820363044739,145022.0,10.0,9.5,0.0,1000.0,56.325,13.0
8192000.0,2020.3294341564178,145691.0,10.0,9.75,0.0,138.0,39.625,13.0
8224768.0,2028.386638879776,146346.0,10.0,8.75,0.0,946.0,85.85,14.0
8257536.0,2036.3758459091187,147063.0,10.0,9.75,0.0,202.0,38.475,13.0
8290304.0,2044.4013500213623,147714.0,10.0,9.0,0.0,663.0,56.275,14.0
8323072.0,2052.375164270401,148356.0,10.0,9.5,0.0,198.0,39.225,14.0
8355840.0,2060.367712497711,149016.0,10.0,9.5,0.0,827.0,58.475,14.0
8388608.0,2068.390572786331,149562.0,10.0,8.75,0.0,1000.0,63.7,14.0
8421376.0,2076.3655939102173,150175.0,10.0,9.25,0.0,1000.0,85.6,14.0
8454144.0,2084.41112613678,150833.0,10.0,9.5,0.0,364.0,41.625,14.0
8486912.0,2092.451888561249,151483.0,10.0,10.0,10.0,123.0,26.575,14.0
8519680.0,2100.4977972507477,152152.0,10.0,9.75,0.0,219.0,33.2,13.0
8552448.0,2108.4882810115814,152831.0,10.0,9.5,0.0,1000.0,62.575,13.0
8585216.0,2116.462222099304,153500.0,10.0,8.5,0.0,1000.0,64.525,14.0
8617984.0,2124.4440031051636,154125.0,10.0,10.0,10.0,140.0,31.55,14.0
8650752.0,2132.4946558475494,154735.0,10.0,9.5,0.0,1000.0,80.325,14.0
8683520.0,2140.5654277801514,155337.0,10.0,9.5,0.0,1000.0,62.475,13.0
8716288.0,2148.6349976062775,156025.0,10.0,9.5,0.0,1000.0,64.325,14.0
8749056.0,2156.674271583557,156726.0,10.0,9.75,0.0,1000.0,52.55,14.0
8781824.0,2164.6900260448456,157464.0,10.0,9.25,0.0,122.0,37.5,13.0
8814592.0,2172.6905183792114,158145.0,10.0,9.75,0.0,131.0,33.475,14.0
8847360.0,2180.68604016304,158750.0,10.0,9.5,0.0,139.0,38.55,14.0
8880128.0,2188.758106470108,159346.0,10.0,10.0,10.0,140.0,29.45,14.0
8912896.0,2196.8606145381927,159965.0,10.0,9.75,0.0,1000.0,57.6,14.0
8945664.0,2204.997786998749,160582.0,10.0,9.5,0.0,1000.0,89.075,14.0
8978432.0,2213.0960772037506,161253.0,10.0,9.75,0.0,120.0,29.65,14.0
9011200.0,2221.162523984909,161925.0,10.0,9.75,0.0,159.0,46.95,14.0
9043968.0,2229.2518916130066,162554.0,10.0,9.75,0.0,191.0,34.675,14.0
9076736.0,2237.3017687797546,163255.0,10.0,9.0,0.0,423.0,58.2,14.0
9109504.0,2245.230141878128,163967.0,10.0,9.75,0.0,1000.0,50.95,14.0
9142272.0,2253.1858747005463,164728.0,10.0,9.75,0.0,233.0,36.95,14.0
9175040.0,2261.196013689041,165394.0,10.0,9.75,0.0,228.0,44.85,14.0
9207808.0,2269.171796798706,166070.0,10.0,9.25,0.0,490.0,47.175,14.0
9240576.0,2277.104343652725,166805.0,10.0,9.75,0.0,114.0,30.95,13.0
9273344.0,2285.063709497452,167533.0,10.0,10.0,10.0,112.0,31.325,14.0
9306112.0,2293.0250227451324,168254.0,10.0,9.25,0.0,1000.0,55.4,14.0
9338880.0,2300.9931716918945,169068.0,10.0,10.0,10.0,278.0,41.5,14.0
9371648.0,2309.056045293808,169790.0,10.0,9.75,0.0,119.0,34.425,14.0
9404416.0,2317.1001555919647,170532.0,10.0,9.75,0.0,308.0,50.225,14.0
9437184.0,2325.15847492218,171198.0,10.0,9.75,0.0,222.0,42.9,14.0
9469952.0,2333.143789291382,171893.0,10.0,10.0,10.0,94.0,31.575,14.0
9502720.0,2341.128127336502,172618.0,10.0,9.75,0.0,108.0,28.95,14.0
9535488.0,2349.147887945175,173360.0,10.0,9.5,0.0,140.0,36.75,14.0
9568256.0,2357.226788520813,174066.0,10.0,9.75,0.0,243.0,40.175,15.0
9601024.0,2365.2697360515594,174757.0,10.0,10.0,10.0,121.0,39.9,14.0
9633792.0,2373.2266154289246,175459.0,10.0,9.75,0.0,162.0,36.025,13.0
9666560.0,2381.2558212280273,176189.0,10.0,9.25,0.0,1000.0,53.675,13.0
9699328.0,2389.316404104233,176919.0,10.0,9.5,0.0,177.0,38.575,14.0
9732096.0,2397.334253549576,177662.0,10.0,9.75,0.0,139.0,29.775,13.0
9764864.0,2405.392993450165,178391.0,10.0,9.75,0.0,369.0,55.275,14.0
9797632.0,2413.4540672302246,179082.0,10.0,9.5,0.0,253.0,48.55,15.0
9830400.0,2421.467303276062,179770.0,10.0,8.75,0.0,1000.0,90.7,13.0
9863168.0,2429.567322731018,180482.0,10.0,9.25,0.0,878.0,64.025,13.0
9895936.0,2437.6219277381897,181172.0,10.0,9.75,0.0,699.0,47.625,14.0
9928704.0,2445.6352467536926,181854.0,10.0,9.5,0.0,1000.0,54.6,14.0
9961472.0,2453.6089787483215,182600.0,10.0,9.75,0.0,171.0,36.125,14.0
9994240.0,2461.698784351349,183353.0,10.0,9.75,0.0,503.0,42.325,14.0
10027008.0,2469.7343101501465,184101.0,10.0,9.5,0.0,1000.0,64.15,13.0
10059776.0,2477.8740842342377,184843.0,10.0,10.0,10.0,276.0,37.825,12.0
10092544.0,2485.9787986278534,185549.0,10.0,10.0,10.0,263.0,41.2,13.0
10125312.0,2493.967125892639,186347.0,10.0,9.75,0.0,96.0,34.5,15.0
10158080.0,2501.9712283611298,187096.0,10.0,10.0,10.0,284.0,36.025,14.0
10190848.0,2509.994825363159,187844.0,10.0,10.0,10.0,118.0,27.2,13.0
10223616.0,2517.9621715545654,188674.0,10.0,10.0,10.0,125.0,27.05,13.0
10256384.0,2525.993532180786,189447.0,10.0,10.0,10.0,103.0,26.925,14.0
10289152.0,2533.961963891983,190245.0,10.0,10.0,10.0,283.0,37.325,13.0
10321920.0,2542.0059776306152,190979.0,10.0,10.0,10.0,126.0,36.125,13.0
10354688.0,2550.057476758957,191740.0,10.0,9.75,0.0,645.0,50.55,13.0
10387456.0,2558.1476590633392,192509.0,10.0,9.75,0.0,194.0,40.675,14.0
10420224.0,2566.2042906284332,193293.0,10.0,10.0,10.0,181.0,32.7,13.0
10452992.0,2574.2656257152557,194057.0,10.0,9.5,0.0,217.0,37.075,14.0
10485760.0,2582.290734767914,194802.0,10.0,9.5,0.0,1000.0,52.8,12.0
10518528.0,2590.357284784317,195574.0,10.0,10.0,10.0,202.0,32.825,12.0
10551296.0,2598.432779073715,196364.0,10.0,9.5,0.0,710.0,45.875,12.0
10584064.0,2606.5110137462616,197149.0,10.0,9.0,0.0,225.0,44.95,13.0
10616832.0,2614.5031604766846,197966.0,10.0,10.0,10.0,120.0,29.25,12.0
10649600.0,2622.510409593582,198758.0,10.0,10.0,10.0,123.0,29.825,13.0
10682368.0,2630.5120232105255,199554.0,10.0,9.75,0.0,144.0,34.625,14.0
10715136.0,2638.4717559814453,200376.0,10.0,9.0,0.0,1000.0,58.25,14.0
10747904.0,2646.5350992679596,201176.0,10.0,9.25,0.0,835.0,52.225,13.0
10780672.0,2654.5095596313477,202013.0,10.0,10.0,10.0,201.0,37.4,13.0
10813440.0,2662.5007174015045,202845.0,10.0,9.5,0.0,149.0,38.2,14.0
10846208.0,2670.53746175766,203612.0,10.0,9.75,0.0,1000.0,52.225,13.0
10878976.0,2678.566419363022,204428.0,10.0,10.0,10.0,80.0,24.8,12.0
10911744.0,2686.53107047081,205192.0,10.0,9.25,0.0,275.0,41.525,13.0
10944512.0,2694.5342361927032,205927.0,10.0,10.0,10.0,212.0,35.925,11.0
10977280.0,2702.5878686904907,206646.0,10.0,10.0,10.0,121.0,33.575,14.0
11010048.0,2710.604836463928,207352.0,10.0,9.5,0.0,153.0,33.425,14.0
11042816.0,2718.7306900024414,208105.0,10.0,9.5,0.0,1000.0,69.225,13.0
11075584.0,2726.713657140732,208949.0,10.0,9.5,0.0,228.0,37.15,12.0
11108352.0,2734.749312877655,209792.0,10.0,9.75,0.0,213.0,44.125,14.0
11141120.0,2742.71537899971,210585.0,10.0,10.0,10.0,271.0,33.9,13.0
11173888.0,2750.7225937843323,211386.0,10.0,10.0,10.0,141.0,36.1,12.0
11206656.0,2758.6791775226593,212226.0,10.0,10.0,10.0,70.0,28.825,13.0
11239424.0,2766.652233362198,213038.0,10.0,9.75,0.0,130.0,31.85,13.0
11272192.0,2774.688705921173,213810.0,10.0,10.0,10.0,172.0,32.075,12.0
11304960.0,2782.7408876419067,214636.0,10.0,10.0,10.0,549.0,45.875,13.0
11337728.0,2790.763213157654,215481.0,10.0,9.5,0.0,209.0,43.7,14.0
11370496.0,2798.784684419632,216287.0,10.0,10.0,10.0,174.0,37.25,13.0
11403264.0,2806.7289023399353,217094.0,10.0,9.75,0.0,120.0,30.85,14.0
11436032.0,2814.724067926407,217905.0,10.0,10.0,10.0,103.0,36.15,10.0
11468800.0,2822.739353656769,218717.0,10.0,10.0,10.0,209.0,31.3,13.0
11501568.0,2830.7637894153595,219537.0,10.0,9.75,0.0,161.0,39.325,14.0
11534336.0,2838.8030140399933,220292.0,10.0,9.75,0.0,141.0,33.675,13.0
11567104.0,2846.791132926941,221082.0,10.0,9.5,0.0,285.0,44.2,15.0
11599872.0,2854.8056478500366,221943.0,10.0,10.0,10.0,205.0,37.325,12.0
11632640.0,2862.8365700244904,222792.0,10.0,10.0,10.0,131.0,31.625,12.0
11665408.0,2870.8684091567993,223640.0,10.0,9.25,0.0,108.0,32.05,14.0
11698176.0,2878.945039987564,224472.0,10.0,9.0,0.0,162.0,40.6,13.0
11730944.0,2886.977968454361,225390.0,10.0,10.0,10.0,140.0,35.175,13.0
11763712.0,2895.0177063941956,226250.0,10.0,10.0,10.0,95.0,31.65,12.0
11796480.0,2903.0605611801147,227120.0,10.0,9.5,0.0,128.0,38.275,13.0
11829248.0,2911.123203277588,227948.0,10.0,9.5,0.0,86.0,33.6,13.0
11862016.0,2919.2099442481995,228840.0,10.0,9.75,0.0,198.0,36.55,13.0
11894784.0,2927.2741055488586,229734.0,10.0,9.5,0.0,106.0,30.775,13.0
11927552.0,2935.2500331401825,230632.0,10.0,9.75,0.0,144.0,32.725,13.0
11960320.0,2943.1549003124237,231484.0,10.0,9.5,0.0,143.0,33.75,12.0
11993088.0,2951.113187789917,232369.0,10.0,10.0,10.0,117.0,29.45,12.0
12025856.0,2959.058279275894,233257.0,10.0,10.0,10.0,193.0,32.0,13.0
12058624.0,2967.1476974487305,234101.0,10.0,10.0,10.0,154.0,40.125,14.0
12091392.0,2975.1590151786804,234974.0,10.0,9.75,0.0,206.0,42.5,13.0
12124160.0,2983.1314356327057,235832.0,10.0,10.0,10.0,260.0,41.775,14.0
12156928.0,2991.147352695465,236715.0,10.0,10.0,10.0,102.0,26.975,13.0
12189696.0,2999.1225125789642,237582.0,10.0,10.0,10.0,109.0,31.65,13.0
12222464.0,3007.0540227890015,238465.0,10.0,9.5,0.0,193.0,31.325,14.0
12255232.0,3015.031507253647,239324.0,10.0,10.0,10.0,186.0,38.225,14.0
12288000.0,3022.991678237915,240173.0,10.0,9.5,0.0,270.0,35.125,13.0
12320768.0,3031.017260313034,240943.0,10.0,9.75,0.0,135.0,34.075,13.0
12353536.0,3039.015056371689,241747.0,10.0,10.0,10.0,284.0,48.825,15.0
12386304.0,3046.998336791992,242581.0,10.0,9.75,0.0,158.0,27.875,13.0
12419072.0,3055.010873556137,243408.0,10.0,9.75,0.0,313.0,40.65,13.0
12451840.0,3063.0709471702576,244215.0,10.0,10.0,10.0,183.0,36.475,13.0
12484608.0,3071.0650641918182,245063.0,10.0,9.5,0.0,184.0,43.225,13.0
12517376.0,3079.116854429245,245920.0,10.0,10.0,10.0,243.0,49.825,14.0
12550144.0,3087.144960641861,246770.0,10.0,9.25,0.0,134.0,31.6,13.0
12582912.0,3095.163933992386,247625.0,10.0,9.75,0.0,107.0,29.475,12.0
12615680.0,3103.152230501175,248465.0,10.0,9.75,0.0,202.0,38.55,12.0
12648448.0,3111.1225311756134,249323.0,10.0,9.25,0.0,140.0,38.275,15.0
12681216.0,3119.1157462596893,250198.0,10.0,9.75,0.0,135.0,37.475,13.0
12713984.0,3127.0918815135956,251062.0,10.0,10.0,10.0,112.0,37.225,14.0
12746752.0,3135.0980219841003,251919.0,10.0,9.75,0.0,328.0,41.3,12.0
12779520.0,3143.1182310581207,252757.0,10.0,9.25,0.0,192.0,45.375,12.0
12812288.0,3151.0777044296265,253570.0,10.0,10.0,10.0,246.0,42.05,12.0
12845056.0,3159.1096572875977,254333.0,10.0,9.5,0.0,358.0,42.75,14.0
12877824.0,3167.1001267433167,255230.0,10.0,10.0,10.0,97.0,35.475,12.0
12910592.0,3175.1212887763977,256081.0,10.0,10.0,10.0,94.0,30.075,13.0
12943360.0,3183.1045475006104,256889.0,10.0,9.75,0.0,109.0,34.575,12.0
12976128.0,3191.08993935585,257730.0,10.0,9.5,0.0,298.0,33.15,12.0
13008896.0,3199.047578573227,258551.0,10.0,10.0,10.0,180.0,36.3,13.0
13041664.0,3207.0644810199738,259340.0,10.0,9.5,0.0,222.0,36.75,12.0
13074432.0,3215.064115524292,260106.0,10.0,10.0,10.0,143.0,34.125,12.0
13107200.0,3223.0271100997925,260946.0,10.0,9.75,0.0,132.0,36.75,13.0
13139968.0,3231.0338876247406,261810.0,10.0,10.0,10.0,116.0,28.1,11.0
13172736.0,3239.0038652420044,262640.0,10.0,9.5,0.0,203.0,39.05,13.0
13205504.0,3247.0289142131805,263414.0,10.0,9.75,0.0,151.0,37.75,14.0
13238272.0,3255.031082391739,264284.0,10.0,9.75,0.0,137.0,31.325,12.0
13271040.0,3262.9780356884003,265128.0,10.0,9.5,0.0,210.0,38.65,12.0
13303808.0,3270.9827263355255,265985.0,10.0,10.0,10.0,197.0,43.325,12.0
13336576.0,3279.1202058792114,266821.0,10.0,9.75,0.0,299.0,41.5,13.0
13369344.0,3287.259684562683,267706.0,10.0,9.75,0.0,212.0,40.175,12.0
13402112.0,3295.299051761627,268508.0,10.0,10.0,10.0,115.0,32.925,13.0
13434880.0,3303.28177857399,269382.0,10.0,10.0,10.0,167.0,33.175,13.0
13467648.0,3311.5035059452057,270228.0,10.0,9.5,0.0,164.0,35.35,13.0
13500416.0,3319.5591094493866,271012.0,10.0,10.0,10.0,93.0,29.375,13.0
13533184.0,3327.5791506767273,271822.0,10.0,10.0,10.0,282.0,47.575,13.0
13565952.0,3335.559724330902,272721.0,10.0,9.5,0.0,195.0,40.1,13.0
13598720.0,3343.5934524536133,273540.0,10.0,9.75,0.0,141.0,38.775,12.0
13631488.0,3351.6212663650513,274358.0,10.0,9.75,0.0,287.0,48.325,14.0
13664256.0,3359.583612203598,275243.0,10.0,9.5,0.0,157.0,45.9,12.0
13697024.0,3367.510396003723,276097.0,10.0,9.75,0.0,254.0,43.2,14.0
13729792.0,3375.5695974826813,277007.0,10.0,10.0,10.0,149.0,34.05,13.0
13762560.0,3383.634616136551,277838.0,10.0,9.75,0.0,123.0,26.625,13.0
13795328.0,3391.8137369155884,278747.0,10.0,9.5,0.0,205.0,45.5,13.0
13828096.0,3399.801361322403,279699.0,10.0,10.0,10.0,121.0,28.95,12.0
13860864.0,3408.125372648239,280621.0,10.0,10.0,10.0,120.0,30.75,12.0
13893632.0,3416.24418926239,281544.0,10.0,9.75,0.0,112.0,30.9,12.0
13926400.0,3424.299450159073,282436.0,10.0,10.0,10.0,92.0,27.075,12.0
13959168.0,3432.7316439151764,283309.0,10.0,10.0,10.0,256.0,37.95,13.0
13991936.0,3440.8329317569733,284165.0,10.0,10.0,10.0,175.0,39.3,13.0
14024704.0,3449.0464549064636,285009.0,10.0,9.75,0.0,126.0,38.45,12.0
14057472.0,3457.1557581424713,285866.0,10.0,9.75,0.0,134.0,33.425,15.0
14090240.0,3465.463584423065,286724.0,10.0,10.0,10.0,61.0,29.9,12.0
14123008.0,3474.077993631363,287564.0,10.0,10.0,10.0,368.0,46.425,13.0
14155776.0,3482.5819499492645,288411.0,10.0,10.0,10.0,96.0,32.575,14.0
14188544.0,3491.0528988838196,289249.0,10.0,10.0,10.0,126.0,32.95,13.0
14221312.0,3499.585844516754,290096.0,10.0,10.0,10.0,191.0,36.9,14.0
14254080.0,3507.786740064621,291032.0,10.0,9.75,0.0,143.0,34.4,12.0
14286848.0,3516.0526695251465,291895.0,10.0,10.0,10.0,189.0,45.825,13.0
14319616.0,3524.203345298767,292752.0,10.0,9.25,0.0,267.0,47.65,13.0
14352384.0,3532.4390122890472,293628.0,10.0,10.0,10.0,249.0,39.45,13.0
14385152.0,3540.707942008972,294512.0,10.0,9.75,0.0,189.0,30.325,12.0
14417920.0,3548.771165370941,295453.0,10.0,9.75,0.0,176.0,38.425,12.0
14450688.0,3556.983575105667,296316.0,10.0,9.75,0.0,153.0,32.675,12.0
14483456.0,3565.1869473457336,297237.0,10.0,10.0,10.0,114.0,28.4,12.0
14516224.0,3573.4736833572388,298082.0,10.0,9.75,0.0,175.0,40.025,12.0
14548992.0,3581.6222348213196,298938.0,10.0,9.75,0.0,134.0,37.2,12.0
14581760.0,3589.7129175662994,299820.0,10.0,10.0,10.0,75.0,26.475,12.0
14614528.0,3597.876097679138,300694.0,10.0,9.5,0.0,130.0,35.325,12.0
14647296.0,3606.113842010498,301577.0,10.0,10.0,10.0,167.0,30.975,12.0
14680064.0,3614.742792367935,302508.0,10.0,10.0,10.0,124.0,37.65,12.0
14712832.0,3623.23974442482,303398.0,10.0,9.25,0.0,268.0,37.825,12.0
14745600.0,3631.7890236377716,304356.0,10.0,10.0,10.0,167.0,35.825,12.0
14778368.0,3640.183260202408,305314.0,10.0,10.0,10.0,144.0,30.975,12.0
14811136.0,3648.3558719158173,306252.0,10.0,9.75,0.0,194.0,47.0,12.0
14843904.0,3656.70650100708,307172.0,10.0,9.75,0.0,100.0,31.575,13.0
14876672.0,3664.762391805649,308055.0,10.0,9.75,0.0,153.0,30.025,12.0
14909440.0,3672.8627977371216,308963.0,10.0,9.25,0.0,162.0,34.925,12.0
14942208.0,3681.2971737384796,309836.0,10.0,10.0,10.0,123.0,32.95,12.0
14974976.0,3689.5128898620605,310682.0,10.0,9.25,0.0,112.0,38.5,13.0
15007744.0,3697.6963744163513,311547.0,10.0,10.0,10.0,105.0,34.125,12.0
15040512.0,3705.887780189514,312436.0,10.0,10.0,10.0,219.0,40.725,12.0
15073280.0,3714.0578620433807,313334.0,10.0,10.0,10.0,128.0,32.425,11.0
15106048.0,3722.343058347702,314243.0,10.0,10.0,10.0,135.0,36.05,13.0
15138816.0,3730.830453634262,315142.0,10.0,10.0,10.0,111.0,32.4,12.0
15171584.0,3739.1013402938843,316083.0,10.0,10.0,10.0,194.0,46.125,13.0
15204352.0,3747.346309185028,316995.0,10.0,10.0,10.0,197.0,38.35,12.0
15237120.0,3755.5627760887146,317909.0,10.0,9.75,0.0,125.0,34.75,13.0
15269888.0,3763.8751153945923,318846.0,10.0,10.0,10.0,129.0,32.95,13.0
15302656.0,3772.024425506592,319738.0,10.0,9.75,0.0,183.0,37.5,12.0
15335424.0,3780.133543252945,320594.0,10.0,9.75,0.0,168.0,29.75,13.0
15368192.0,3788.3265147209167,321516.0,10.0,9.75,0.0,200.0,32.175,12.0
15400960.0,3796.652709722519,322472.0,10.0,9.5,0.0,159.0,41.225,12.0
15433728.0,3804.853461265564,323343.0,10.0,10.0,10.0,99.0,32.85,13.0
15466496.0,3813.0111787319183,324263.0,10.0,10.0,10.0,113.0,27.575,12.0
15499264.0,3821.0540301799774,325141.0,10.0,9.75,0.0,172.0,35.7,12.0
15532032.0,3829.432562828064,325997.0,10.0,9.75,0.0,155.0,39.575,11.0
15564800.0,3837.543739080429,326900.0,10.0,10.0,10.0,208.0,31.05,12.0
15597568.0,3845.848147392273,327821.0,10.0,9.75,0.0,218.0,39.05,12.0
15630336.0,3854.11327958107,328706.0,10.0,10.0,10.0,143.0,38.125,11.0
15663104.0,3862.396908521652,329651.0,10.0,10.0,10.0,130.0,35.125,12.0
15695872.0,3870.506494283676,330589.0,10.0,10.0,10.0,210.0,34.475,12.0
15728640.0,3878.79158616066,331482.0,10.0,9.75,0.0,131.0,34.175,12.0
15761408.0,3886.9424986839294,332412.0,10.0,10.0,10.0,116.0,31.675,12.0
15794176.0,3895.1002266407013,333341.0,10.0,10.0,10.0,275.0,38.3,13.0
15826944.0,3903.5949795246124,334231.0,10.0,9.75,0.0,348.0,48.9,11.0
15859712.0,3911.7852687835693,335193.0,10.0,9.75,0.0,217.0,42.15,13.0
15892480.0,3920.3985919952393,336114.0,10.0,9.75,0.0,151.0,41.025,12.0
15925248.0,3928.9891335964203,337052.0,10.0,10.0,10.0,187.0,34.85,12.0
15958016.0,3937.416288137436,337966.0,10.0,9.75,0.0,234.0,39.05,13.0
15990784.0,3945.628198862076,338923.0,10.0,10.0,10.0,176.0,38.525,13.0
16023552.0,3954.267976999283,339811.0,10.0,10.0,10.0,160.0,38.6,12.0
16056320.0,3962.8120214939117,340720.0,10.0,10.0,10.0,97.0,32.875,13.0
16089088.0,3971.3147161006927,341612.0,10.0,10.0,10.0,168.0,37.025,12.0
16121856.0,3979.6534979343414,342515.0,10.0,10.0,10.0,286.0,41.025,13.0
16154624.0,3988.1098868846893,343413.0,10.0,10.0,10.0,162.0,36.425,12.0
16187392.0,3996.57799243927,344408.0,10.0,10.0,10.0,87.0,30.5,12.0
16220160.0,4005.0754323005676,345362.0,10.0,10.0,10.0,102.0,25.775,11.0
16252928.0,4013.4480307102203,346283.0,10.0,10.0,10.0,141.0,30.875,12.0
16285696.0,4021.7369799613953,347255.0,10.0,9.75,0.0,191.0,41.95,14.0
16318464.0,4030.2646272182465,348182.0,10.0,10.0,10.0,195.0,37.175,12.0
16351232.0,4038.4284863471985,349111.0,10.0,10.0,10.0,154.0,40.575,12.0
16384000.0,4046.7774391174316,350027.0,10.0,10.0,10.0,148.0,30.4,13.0
16416768.0,4055.2827780246735,350945.0,10.0,10.0,10.0,141.0,32.125,12.0
16449536.0,4063.761495113373,351877.0,10.0,10.0,10.0,105.0,27.05,11.0
16482304.0,4072.1594355106354,352857.0,10.0,10.0,10.0,157.0,39.8,12.0
16515072.0,4080.5431151390076,353794.0,10.0,10.0,10.0,229.0,36.15,12.0
16547840.0,4088.951549053192,354730.0,10.0,10.0,10.0,136.0,26.45,12.0
16580608.0,4097.4196746349335,355739.0,10.0,9.75,0.0,147.0,36.025,12.0
16613376.0,4105.7158880233765,356635.0,10.0,10.0,10.0,144.0,36.525,13.0
16646144.0,4113.950806617737,357586.0,10.0,10.0,10.0,153.0,37.45,11.0
16678912.0,4122.197468280792,358559.0,10.0,9.5,0.0,172.0,36.15,12.0
16711680.0,4130.318943023682,359561.0,10.0,10.0,10.0,160.0,32.2,12.0
16744448.0,4138.43728852272,360554.0,10.0,10.0,10.0,99.0,29.15,12.0
16777216.0,4146.697405576706,361483.0,10.0,10.0,10.0,94.0,32.025,13.0
16809984.0,4154.9343066215515,362403.0,10.0,9.5,0.0,206.0,42.525,12.0
16842752.0,4163.290942907333,363384.0,10.0,9.75,0.0,322.0,31.3,11.0
16875520.0,4171.564336299896,364319.0,10.0,10.0,10.0,121.0,36.075,12.0
16908288.0,4179.805470466614,365256.0,10.0,10.0,10.0,114.0,35.775,12.0
16941056.0,4188.094429731369,366246.0,10.0,10.0,10.0,105.0,28.525,12.0
16973824.0,4196.449104309082,367193.0,10.0,10.0,10.0,98.0,31.0,12.0
17006592.0,4204.577429533005,368085.0,10.0,10.0,10.0,178.0,41.9,13.0
17039360.0,4212.904850482941,368956.0,10.0,9.75,0.0,106.0,30.65,13.0
17072128.0,4221.221070766449,369848.0,10.0,10.0,10.0,240.0,34.025,11.0
17104896.0,4229.718000411987,370775.0,10.0,9.75,0.0,160.0,34.85,12.0
17137664.0,4237.976983547211,371698.0,10.0,9.75,0.0,124.0,35.725,12.0
17170432.0,4246.2530307769775,372629.0,10.0,10.0,10.0,176.0,40.625,13.0
17203200.0,4254.387810945511,373511.0,10.0,10.0,10.0,218.0,49.1,12.0
17235968.0,4262.433066606522,374413.0,10.0,10.0,10.0,144.0,35.5,12.0
17268736.0,4270.562886953354,375334.0,10.0,10.0,10.0,183.0,35.225,12.0
17301504.0,4278.740723609924,376279.0,10.0,9.75,0.0,217.0,33.825,12.0
17334272.0,4286.890780925751,377174.0,10.0,10.0,10.0,125.0,34.7,12.0
17367040.0,4295.235111474991,378157.0,10.0,10.0,10.0,118.0,34.5,12.0
17399808.0,4303.649457454681,379070.0,10.0,10.0,10.0,182.0,30.65,12.0
17432576.0,4312.076489448547,379995.0,10.0,10.0,10.0,97.0,29.275,13.0
17465344.0,4320.596800804138,380887.0,10.0,9.75,0.0,147.0,33.7,12.0
17498112.0,4328.943897008896,381759.0,10.0,10.0,10.0,85.0,27.6,12.0
17530880.0,4337.331723690033,382656.0,10.0,9.75,0.0,196.0,37.975,12.0
17563648.0,4345.530238389969,383651.0,10.0,10.0,10.0,141.0,29.0,12.0
17596416.0,4353.779089927673,384590.0,10.0,10.0,10.0,212.0,25.5,12.0
17629184.0,4361.973482847214,385532.0,10.0,10.0,10.0,123.0,32.2,12.0
17661952.0,4370.435954332352,386439.0,10.0,10.0,10.0,196.0,41.375,12.0
17694720.0,4378.757052183151,387388.0,10.0,10.0,10.0,77.0,27.575,13.0
17727488.0,4386.873362779617,388308.0,10.0,9.75,0.0,83.0,26.25,12.0
17760256.0,4395.234957456589,389328.0,10.0,9.75,0.0,119.0,30.55,12.0
17793024.0,4403.735134601593,390249.0,10.0,10.0,10.0,121.0,29.65,11.0
17825792.0,4412.109751939774,391202.0,10.0,10.0,10.0,208.0,44.025,13.0
17858560.0,4420.481959104538,392117.0,10.0,9.5,0.0,109.0,27.6,12.0
17891328.0,4428.950949907303,393034.0,10.0,10.0,10.0,120.0,31.4,12.0
17924096.0,4437.329328775406,393912.0,10.0,10.0,10.0,150.0,40.05,13.0
17956864.0,4445.52391409874,394870.0,10.0,10.0,10.0,160.0,32.65,13.0
17989632.0,4453.7542679309845,395883.0,10.0,10.0,10.0,152.0,31.825,12.0
18022400.0,4462.380638599396,396827.0,10.0,10.0,10.0,161.0,37.7,12.0
18055168.0,4470.815093278885,397840.0,10.0,9.75,0.0,120.0,28.4,12.0
18087936.0,4479.1460020542145,398767.0,10.0,9.75,0.0,166.0,34.85,12.0
18120704.0,4487.353487253189,399645.0,10.0,10.0,10.0,351.0,45.1,11.0
18153472.0,4496.131328344345,400593.0,10.0,9.5,0.0,151.0,33.025,11.0
18186240.0,4504.259543895721,401564.0,10.0,10.0,10.0,189.0,38.225,13.0
18219008.0,4512.604329824448,402525.0,10.0,9.75,0.0,1000.0,57.55,12.0
18251776.0,4520.996559143066,403417.0,10.0,10.0,10.0,161.0,39.25,12.0
18284544.0,4529.11412358284,404404.0,10.0,10.0,10.0,129.0,33.45,12.0
18317312.0,4537.282516241074,405404.0,10.0,9.75,0.0,167.0,40.625,12.0
18350080.0,4545.416824579239,406348.0,10.0,10.0,10.0,150.0,29.925,12.0
18382848.0,4553.671479225159,407303.0,10.0,10.0,10.0,209.0,32.325,12.0
18415616.0,4562.027129411697,408313.0,10.0,9.5,0.0,361.0,45.4,11.0
18448384.0,4570.452483177185,409245.0,10.0,9.75,0.0,162.0,39.05,11.0
18481152.0,4578.881437778473,410161.0,10.0,9.75,0.0,136.0,32.525,12.0
18513920.0,4587.117209196091,411108.0,10.0,10.0,10.0,87.0,23.7,12.0
18546688.0,4595.473849534988,412060.0,10.0,9.75,0.0,219.0,47.0,13.0
18579456.0,4603.717650175095,413009.0,10.0,10.0,10.0,203.0,28.925,12.0
18612224.0,4612.0357139110565,413934.0,10.0,10.0,10.0,128.0,34.875,13.0
18644992.0,4620.299710273743,414871.0,10.0,9.75,0.0,153.0,37.8,12.0
18677760.0,4628.43328499794,415809.0,10.0,10.0,10.0,115.0,22.95,12.0
18710528.0,4636.556679487228,416692.0,10.0,10.0,10.0,254.0,39.35,11.0
18743296.0,4644.728472709656,417616.0,10.0,10.0,10.0,177.0,34.85,13.0
18776064.0,4653.086463928223,418534.0,10.0,10.0,10.0,105.0,35.425,12.0
18808832.0,4661.38241648674,419457.0,10.0,9.75,0.0,115.0,33.55,13.0
18841600.0,4669.585157394409,420452.0,10.0,9.75,0.0,103.0,33.2,13.0
18874368.0,4677.717628955841,421417.0,10.0,10.0,10.0,72.0,27.6,11.0
18907136.0,4685.814217567444,422393.0,10.0,10.0,10.0,172.0,27.15,12.0
18939904.0,4694.162624597549,423346.0,10.0,10.0,10.0,204.0,43.325,12.0
18972672.0,4702.386244773865,424343.0,10.0,10.0,10.0,120.0,33.175,11.0
19005440.0,4710.658255815506,425316.0,10.0,9.75,0.0,94.0,30.7,11.0
19038208.0,4718.929207324982,426283.0,10.0,10.0,10.0,180.0,38.175,11.0
19070976.0,4729.533402204514,427219.0,10.0,9.75,0.0,194.0,38.55,12.0
19103744.0,4738.091623544693,428168.0,10.0,9.75,0.0,131.0,33.85,12.0
19136512.0,4746.548474311829,429188.0,10.0,9.25,0.0,175.0,36.35,12.0
19169280.0,4754.669198513031,430192.0,10.0,10.0,10.0,98.0,30.775,12.0
19202048.0,4763.068831682205,431120.0,10.0,10.0,10.0,141.0,35.9,12.0
19234816.0,4771.435761213303,432050.0,10.0,10.0,10.0,123.0,40.85,12.0
19267584.0,4779.561095237732,433012.0,10.0,9.75,0.0,134.0,28.425,11.0
19300352.0,4787.705546617508,434009.0,10.0,9.75,0.0,169.0,35.65,12.0
19333120.0,4795.9944524765015,435027.0,10.0,10.0,10.0,91.0,28.375,12.0
19365888.0,4804.333089828491,435967.0,10.0,10.0,10.0,95.0,28.15,11.0
19398656.0,4812.723465681076,436957.0,10.0,10.0,10.0,159.0,31.95,11.0
19431424.0,4820.98671412468,437920.0,10.0,10.0,10.0,187.0,29.25,11.0
19464192.0,4829.202481269836,438870.0,10.0,9.75,0.0,140.0,41.525,11.0
19496960.0,4837.617840051651,439816.0,10.0,10.0,10.0,169.0,34.575,11.0
19529728.0,4845.797721147537,440749.0,10.0,10.0,10.0,177.0,37.575,11.0
19562496.0,4854.0958614349365,441774.0,10.0,10.0,10.0,192.0,31.075,12.0
19595264.0,4862.464698314667,442728.0,10.0,10.0,10.0,140.0,36.475,11.0
19628032.0,4871.069496631622,443716.0,10.0,10.0,10.0,80.0,27.95,11.0
19660800.0,4879.498546361923,444665.0,10.0,9.75,0.0,176.0,33.65,10.0
19693568.0,4887.878530025482,445626.0,10.0,9.75,0.0,193.0,29.775,11.0
19726336.0,4896.117010354996,446533.0,10.0,10.0,10.0,101.0,29.625,11.0
19759104.0,4904.423793077469,447496.0,10.0,10.0,10.0,138.0,31.5,11.0
19791872.0,4912.735156059265,448412.0,10.0,9.75,0.0,100.0,29.9,11.0
19824640.0,4920.988748788834,449367.0,10.0,10.0,10.0,187.0,40.625,11.0
19857408.0,4929.206537723541,450309.0,10.0,10.0,10.0,172.0,31.65,11.0
19890176.0,4937.454322099686,451264.0,10.0,9.75,0.0,126.0,27.75,11.0
19922944.0,4945.833193540573,452288.0,10.0,10.0,10.0,95.0,31.175,12.0
19955712.0,4953.955901622772,453250.0,10.0,9.75,0.0,205.0,44.875,11.0
19988480.0,4962.244908332825,454249.0,10.0,10.0,10.0,102.0,28.3,11.0
20021248.0,4970.630305528641,455256.0,10.0,10.0,10.0,130.0,29.75,12.0
20054016.0,4978.971541643143,456249.0,10.0,10.0,10.0,139.0,29.175,11.0
20086784.0,4987.3741726875305,457277.0,10.0,10.0,10.0,82.0,26.325,11.0
20119552.0,4995.698632717133,458224.0,10.0,9.75,0.0,225.0,44.525,12.0
20152320.0,5003.93726849556,459213.0,10.0,10.0,10.0,167.0,34.25,11.0
20185088.0,5012.2264585494995,460215.0,10.0,10.0,10.0,64.0,22.125,11.0
20217856.0,5020.583009004593,461211.0,10.0,10.0,10.0,173.0,36.325,11.0
20250624.0,5028.760834693909,462166.0,10.0,10.0,10.0,167.0,38.025,11.0
20283392.0,5036.947796344757,463121.0,10.0,9.75,0.0,124.0,35.225,11.0
20316160.0,5045.210391998291,464070.0,10.0,9.5,0.0,143.0,35.55,12.0
20348928.0,5053.536438465118,464992.0,10.0,10.0,10.0,236.0,27.375,11.0
20381696.0,5061.735728025436,465938.0,10.0,10.0,10.0,137.0,38.05,12.0
20414464.0,5070.212423086166,466877.0,10.0,9.75,0.0,185.0,41.375,11.0
20447232.0,5078.466997146606,467818.0,10.0,9.75,0.0,215.0,31.575,11.0
20480000.0,5086.696975469589,468813.0,10.0,9.75,0.0,166.0,38.975,11.0
20512768.0,5095.1784291267395,469763.0,10.0,10.0,10.0,101.0,23.125,11.0
20545536.0,5103.499365329742,470735.0,10.0,10.0,10.0,161.0,28.525,11.0
20578304.0,5111.882205724716,471792.0,10.0,10.0,10.0,171.0,31.0,11.0
20611072.0,5120.36697769165,472790.0,10.0,9.75,0.0,153.0,36.325,11.0
20643840.0,5128.501038312912,473797.0,10.0,9.75,0.0,155.0,29.625,11.0
20676608.0,5136.6120262146,474764.0,10.0,10.0,10.0,184.0,31.375,11.0
20709376.0,5144.720854282379,475744.0,10.0,9.75,0.0,146.0,37.85,12.0
20742144.0,5152.806825399399,476738.0,10.0,10.0,10.0,155.0,32.5,11.0
20774912.0,5160.956107616425,477727.0,10.0,9.75,0.0,173.0,36.65,11.0
20807680.0,5169.173703432083,478757.0,10.0,9.75,0.0,71.0,27.925,11.0
20840448.0,5177.384312152863,479733.0,10.0,10.0,10.0,172.0,46.075,11.0
20873216.0,5185.563407659531,480705.0,10.0,10.0,10.0,109.0,31.7,11.0
20905984.0,5193.6824724674225,481656.0,10.0,9.75,0.0,117.0,39.2,11.0
20938752.0,5201.837840080261,482640.0,10.0,10.0,10.0,91.0,27.6,11.0
20971520.0,5209.933129072189,483589.0,10.0,10.0,10.0,172.0,35.35,11.0
21004288.0,5218.410630702972,484553.0,10.0,10.0,10.0,121.0,28.9,11.0
21037056.0,5226.654262542725,485503.0,10.0,9.75,0.0,103.0,34.25,10.0
21069824.0,5234.796592950821,486459.0,10.0,10.0,10.0,346.0,34.425,11.0
21102592.0,5243.392675876617,487472.0,10.0,9.75,0.0,157.0,26.3,11.0
21135360.0,5252.042486667633,488437.0,10.0,10.0,10.0,136.0,29.6,10.0
21168128.0,5260.222692012787,489430.0,10.0,9.75,0.0,143.0,27.05,11.0
21200896.0,5268.58845448494,490420.0,10.0,10.0,10.0,138.0,32.35,12.0
21233664.0,5276.735869646072,491426.0,10.0,9.75,0.0,186.0,35.75,11.0
21266432.0,5284.835391759872,492373.0,10.0,10.0,10.0,112.0,37.175,11.0
21299200.0,5292.94677400589,493453.0,10.0,10.0,10.0,80.0,26.325,11.0
21331968.0,5301.015273332596,494456.0,10.0,9.75,0.0,82.0,27.0,11.0
21364736.0,5309.092081546783,495347.0,10.0,10.0,10.0,203.0,36.775,11.0
21397504.0,5317.188066482544,496358.0,10.0,10.0,10.0,186.0,31.55,11.0
21430272.0,5325.296631574631,497419.0,10.0,9.75,0.0,102.0,29.65,11.0
21463040.0,5333.362032413483,498378.0,10.0,9.75,0.0,145.0,38.625,12.0
21495808.0,5341.643227815628,499312.0,10.0,10.0,10.0,154.0,42.725,11.0
21528576.0,5349.762118339539,500335.0,10.0,10.0,10.0,175.0,35.5,11.0
21561344.0,5358.0479481220245,501308.0,10.0,9.75,0.0,117.0,32.0,11.0
21594112.0,5366.794341802597,502320.0,10.0,10.0,10.0,136.0,28.0,11.0
21626880.0,5375.329123497009,503381.0,10.0,10.0,10.0,143.0,30.5,11.0
21659648.0,5383.522686243057,504359.0,10.0,10.0,10.0,148.0,36.8,11.0
21692416.0,5391.751871109009,505331.0,10.0,10.0,10.0,120.0,29.3,11.0
21725184.0,5400.102994441986,506314.0,10.0,10.0,10.0,166.0,41.125,11.0
21757952.0,5408.3197157382965,507346.0,10.0,9.75,0.0,195.0,37.925,11.0
21790720.0,5416.658020496368,508318.0,10.0,10.0,10.0,280.0,42.175,11.0
21823488.0,5425.095791339874,509332.0,10.0,10.0,10.0,139.0,29.525,11.0
21856256.0,5433.758586883545,510296.0,10.0,10.0,10.0,171.0,39.45,11.0
21889024.0,5441.854069948196,511340.0,10.0,10.0,10.0,179.0,36.5,11.0
21921792.0,5450.262955665588,512372.0,10.0,10.0,10.0,74.0,24.2,11.0
21954560.0,5458.702703475952,513378.0,10.0,10.0,10.0,115.0,31.575,11.0
21987328.0,5467.011559247971,514411.0,10.0,10.0,10.0,126.0,29.875,11.0
22020096.0,5475.176166534424,515446.0,10.0,10.0,10.0,192.0,36.25,11.0
22052864.0,5483.3345675468445,516517.0,10.0,9.75,0.0,113.0,33.2,10.0
22085632.0,5491.486620903015,517530.0,10.0,10.0,10.0,154.0,34.15,11.0
22118400.0,5499.659194469452,518561.0,10.0,10.0,10.0,213.0,30.3,10.0
22151168.0,5507.835092782974,519614.0,10.0,9.75,0.0,128.0,38.875,11.0
22183936.0,5516.176310062408,520627.0,10.0,10.0,10.0,152.0,35.1,11.0
22216704.0,5524.444655656815,521610.0,10.0,10.0,10.0,208.0,46.55,11.0
22249472.0,5532.795514345169,522653.0,10.0,10.0,10.0,152.0,27.95,11.0
22282240.0,5541.219439744949,523712.0,10.0,10.0,10.0,138.0,33.5,11.0
22315008.0,5549.400525093079,524778.0,10.0,10.0,10.0,188.0,33.3,10.0
22347776.0,5558.00865983963,525755.0,10.0,10.0,10.0,152.0,32.325,10.0
22380544.0,5566.485151767731,526759.0,10.0,10.0,10.0,147.0,30.95,11.0
22413312.0,5575.138078212738,527763.0,10.0,10.0,10.0,352.0,41.55,10.0
22446080.0,5583.837705850601,528833.0,10.0,9.75,0.0,137.0,28.9,10.0
22478848.0,5592.594490766525,529869.0,10.0,9.75,0.0,69.0,22.7,11.0
22511616.0,5600.993905305862,530921.0,10.0,10.0,10.0,85.0,23.575,11.0
22544384.0,5609.640398263931,531962.0,10.0,10.0,10.0,130.0,37.375,11.0
22577152.0,5618.227680206299,532974.0,10.0,10.0,10.0,210.0,28.85,10.0
22609920.0,5626.826704740524,534002.0,10.0,10.0,10.0,130.0,33.85,11.0
22642688.0,5635.090674638748,534985.0,10.0,9.75,0.0,176.0,34.875,11.0
22675456.0,5643.531027317047,535960.0,10.0,10.0,10.0,168.0,38.475,11.0
22708224.0,5651.753769159317,537022.0,10.0,10.0,10.0,147.0,33.3,11.0
22740992.0,5659.855424165726,538051.0,10.0,10.0,10.0,109.0,24.5,11.0
22773760.0,5668.004626274109,539095.0,10.0,10.0,10.0,139.0,28.975,11.0
22806528.0,5676.319052934647,540129.0,10.0,9.75,0.0,116.0,22.75,11.0
22839296.0,5684.818111896515,541073.0,10.0,10.0,10.0,154.0,32.875,11.0
22872064.0,5693.235229253769,542077.0,10.0,9.75,0.0,207.0,49.65,11.0
22904832.0,5701.680603027344,543026.0,10.0,10.0,10.0,142.0,34.8,11.0
22937600.0,5710.094553947449,544068.0,10.0,10.0,10.0,85.0,27.125,11.0
22970368.0,5718.59255361557,545094.0,10.0,10.0,10.0,97.0,34.1,11.0
23003136.0,5727.300677061081,546078.0,10.0,10.0,10.0,164.0,39.55,11.0
23035904.0,5735.709537267685,547107.0,10.0,10.0,10.0,154.0,37.4,11.0
23068672.0,5744.268091917038,548089.0,10.0,10.0,10.0,96.0,30.3,11.0
23101440.0,5752.9415719509125,549064.0,10.0,10.0,10.0,121.0,35.5,11.0
23134208.0,5761.480828762054,550113.0,10.0,9.75,0.0,121.0,27.775,11.0
23166976.0,5769.790148019791,551181.0,10.0,10.0,10.0,247.0,35.35,11.0
23199744.0,5778.398056745529,552225.0,10.0,10.0,10.0,98.0,28.35,11.0
23232512.0,5787.0064861774445,553288.0,10.0,9.75,0.0,217.0,38.575,11.0
23265280.0,5795.423125267029,554251.0,10.0,10.0,10.0,149.0,36.25,11.0
23298048.0,5803.780680894852,555291.0,10.0,10.0,10.0,138.0,30.9,11.0
23330816.0,5811.861871242523,556290.0,10.0,10.0,10.0,90.0,32.675,11.0
23363584.0,5820.061725854874,557250.0,10.0,10.0,10.0,136.0,37.1,11.0
23396352.0,5828.613692522049,558293.0,10.0,10.0,10.0,93.0,22.65,10.0
23429120.0,5837.0721435546875,559327.0,10.0,10.0,10.0,120.0,30.35,11.0
23461888.0,5845.4507620334625,560439.0,10.0,10.0,10.0,86.0,26.6,11.0
23494656.0,5853.768149614334,561483.0,10.0,9.75,0.0,132.0,31.35,11.0
23527424.0,5862.333005666733,562525.0,10.0,10.0,10.0,134.0,44.075,11.0
23560192.0,5870.519144773483,563607.0,10.0,10.0,10.0,141.0,31.075,11.0
23592960.0,5878.71577167511,564631.0,10.0,9.75,0.0,205.0,39.35,11.0
23625728.0,5886.79669380188,565721.0,10.0,9.75,0.0,227.0,31.1,11.0
23658496.0,5894.92741727829,566770.0,10.0,10.0,10.0,123.0,33.325,11.0
23691264.0,5903.058975696564,567757.0,10.0,10.0,10.0,176.0,34.375,11.0
23724032.0,5911.207626342773,568835.0,10.0,10.0,10.0,174.0,34.375,10.0
23756800.0,5919.433876752853,569859.0,10.0,10.0,10.0,164.0,33.675,11.0
23789568.0,5927.652651786804,570891.0,10.0,10.0,10.0,114.0,25.175,11.0
23822336.0,5935.736843824387,571929.0,10.0,9.75,0.0,137.0,32.775,11.0
23855104.0,5943.847870826721,572926.0,10.0,10.0,10.0,127.0,33.5,11.0
23887872.0,5951.9462859630585,574017.0,10.0,10.0,10.0,140.0,28.525,11.0
23920640.0,5960.081086158752,575058.0,10.0,10.0,10.0,239.0,43.4,11.0
23953408.0,5968.220062017441,576076.0,10.0,10.0,10.0,173.0,30.775,11.0
23986176.0,5976.365493774414,577147.0,10.0,10.0,10.0,184.0,33.5,10.0
24018944.0,5984.481795787811,578191.0,10.0,10.0,10.0,94.0,31.0,11.0
24051712.0,5992.62055516243,579230.0,10.0,10.0,10.0,155.0,38.4,11.0
24084480.0,6000.900679588318,580258.0,10.0,10.0,10.0,144.0,36.75,11.0
24117248.0,6009.790690898895,581307.0,10.0,10.0,10.0,96.0,30.825,10.0
24150016.0,6018.441245317459,582405.0,10.0,10.0,10.0,131.0,32.225,11.0
24182784.0,6026.798544168472,583447.0,10.0,10.0,10.0,153.0,27.0,10.0
24215552.0,6035.758804321289,584532.0,10.0,10.0,10.0,151.0,35.175,11.0
24248320.0,6044.1446125507355,585573.0,10.0,10.0,10.0,151.0,32.15,11.0
24281088.0,6052.235523939133,586587.0,10.0,10.0,10.0,173.0,25.225,11.0
24313856.0,6060.432723522186,587648.0,10.0,10.0,10.0,123.0,28.5,11.0
24346624.0,6068.797310352325,588717.0,10.0,10.0,10.0,197.0,29.625,10.0
24379392.0,6076.937967300415,589828.0,10.0,9.75,0.0,69.0,22.95,11.0
24412160.0,6085.057157754898,590908.0,10.0,10.0,10.0,113.0,24.95,10.0
24444928.0,6093.386288404465,591962.0,10.0,10.0,10.0,149.0,28.525,11.0
24477696.0,6101.802946090698,593027.0,10.0,10.0,10.0,82.0,28.9,11.0
24510464.0,6110.031374692917,594054.0,10.0,10.0,10.0,96.0,20.45,11.0
24543232.0,6118.286633014679,595114.0,10.0,10.0,10.0,132.0,39.475,11.0
24576000.0,6126.500590801239,596168.0,10.0,10.0,10.0,71.0,22.9,11.0
24608768.0,6134.758673667908,597191.0,10.0,10.0,10.0,124.0,31.025,11.0
24641536.0,6143.063672780991,598222.0,10.0,10.0,10.0,119.0,33.875,11.0
24674304.0,6151.216249704361,599272.0,10.0,10.0,10.0,191.0,34.15,11.0
24707072.0,6159.420454978943,600322.0,10.0,10.0,10.0,79.0,22.3,10.0
24739840.0,6167.564781904221,601342.0,10.0,10.0,10.0,119.0,36.5,11.0
24772608.0,6175.79004573822,602382.0,10.0,10.0,10.0,127.0,31.025,10.0
24805376.0,6183.938061237335,603470.0,10.0,10.0,10.0,147.0,35.275,11.0
24838144.0,6192.3661551475525,604533.0,10.0,10.0,10.0,154.0,33.6,11.0
24870912.0,6200.9254331588745,605608.0,10.0,10.0,10.0,121.0,25.9,11.0
24903680.0,6209.883765459061,606621.0,10.0,9.75,0.0,160.0,41.4,11.0
24936448.0,6218.968512058258,607647.0,10.0,9.75,0.0,124.0,36.725,11.0
24969216.0,6227.350137472153,608724.0,10.0,10.0,10.0,128.0,28.725,11.0
25001984.0,6235.435233592987,609837.0,10.0,10.0,10.0,93.0,26.325,11.0
